Category Name,Total_Shipments,Delayed,On_Time,Early,Canceled,Avg_Delay_Gap,Non_Canceled,Delay_Rate_%,On_Time_Rate_%,Avg_Delay_When_Delayed
Golf Bags & Carts,61,42,7,12,0,0.77,61,68.85,11.48,1.55
Lacrosse,343,206,48,75,14,0.66,329,62.61,14.59,1.57
Pet Supplies,492,290,91,91,20,0.71,472,61.44,19.28,1.6
Cameras,592,344,92,126,30,0.65,562,61.21,16.37,1.56
Accessories,1780,1014,277,406,83,0.59,1697,59.75,16.32,1.6
Music,434,248,72,97,17,0.57,417,59.47,17.27,1.57
Fitness Accessories,309,176,51,69,13,0.61,296,59.46,17.23,1.62
Boxing & MMA,423,238,80,84,21,0.67,402,59.2,19.9,1.64
Crafts,484,271,83,104,26,0.63,458,59.17,18.12,1.62
As Seen on TV!,68,39,12,15,2,0.66,66,59.09,18.18,1.79
Sporting Goods,357,198,55,83,21,0.62,336,58.93,16.37,1.64
Strength Training,111,64,23,22,2,0.67,109,58.72,21.1,1.62
Books,405,229,75,87,14,0.53,391,58.57,19.18,1.53
Trade-In,974,542,152,232,48,0.63,926,58.53,16.41,1.73
Electronics,3156,1770,521,733,132,0.57,3024,58.53,17.23,1.59
Golf Gloves,1070,602,187,240,41,0.62,1029,58.5,18.17,1.63
Girls' Apparel,1201,664,189,284,64,0.59,1137,58.4,16.62,1.62
Health and Beauty,362,202,61,83,16,0.53,346,58.38,17.63,1.51
Tennis & Racquet,328,183,66,65,14,0.65,314,58.28,21.02,1.67
Hunting & Shooting,440,247,76,101,16,0.56,424,58.25,17.92,1.54
Consumer Electronics,431,238,70,101,22,0.64,409,58.19,17.11,1.73
Women's Clothing,650,367,119,145,19,0.65,631,58.16,18.86,1.7
Golf Shoes,524,291,91,120,22,0.58,502,57.97,18.13,1.62
Garden,484,270,80,116,18,0.55,466,57.94,17.17,1.64
Basketball,67,37,5,22,3,0.48,64,57.81,7.81,1.73
Shop By Sport,10984,6058,1921,2536,469,0.58,10515,57.61,18.27,1.63
Kids' Golf Clubs,384,205,67,84,28,0.62,356,57.58,18.82,1.63
Baseball & Softball,632,349,117,141,25,0.58,607,57.5,19.28,1.68
Toys,529,291,93,123,22,0.55,507,57.4,18.34,1.57
Cleats,24551,13496,4448,5570,1037,0.58,23514,57.4,18.92,1.63
Golf Balls,1475,805,241,357,72,0.55,1403,57.38,17.18,1.63
Fishing,17325,9516,3045,4034,730,0.56,16595,57.34,18.35,1.61
Water Sports,15540,8517,2816,3547,660,0.57,14880,57.24,18.92,1.61
Indoor/Outdoor Games,19298,10565,3454,4451,828,0.56,18470,57.2,18.7,1.62
Men's Clothing,208,113,34,51,10,0.51,198,57.07,17.17,1.56
Women's Golf Clubs,181,97,26,47,11,0.56,170,57.06,15.29,1.75
Women's Apparel,21035,11476,3754,4886,919,0.56,20116,57.05,18.66,1.61
Men's Footwear,22246,12121,4038,5104,983,0.56,21263,57.01,18.99,1.63
Cardio Equipment,12487,6805,2222,2921,539,0.55,11948,56.96,18.6,1.61
Camping & Hiking,13729,7487,2523,3147,572,0.55,13157,56.91,19.18,1.61
Video Games,838,455,159,190,34,0.58,804,56.59,19.78,1.67
DVDs,483,259,85,115,24,0.53,459,56.43,18.52,1.62
Hockey,614,329,101,158,26,0.47,588,55.95,17.18,1.54
Children's Clothing,652,348,117,157,30,0.58,622,55.95,18.81,1.7
Soccer,138,75,33,28,2,0.72,136,55.15,24.26,1.87
Baby,207,109,40,49,9,0.44,198,55.05,20.2,1.48
CDs,271,141,55,67,8,0.46,263,53.61,20.91,1.53
Golf Apparel,441,229,84,116,12,0.47,429,53.38,19.58,1.63
Computers,442,224,84,117,17,0.45,425,52.71,19.76,1.66
Men's Golf Clubs,283,135,56,83,9,0.33,274,49.27,20.44,1.61
