Customer Segment,Shipping Mode,Total,Delayed,On_Time,Early,Canceled,Avg_Delay_Gap,Non_Canceled,Delay_Rate_%,On_Time_Rate_%,Cancellation_Rate_%,Efficiency_Index
Consumer,First Class,14407,13708,0,0,699,1.0,13708,100.0,0.0,4.85,-100.0
Consumer,Same Day,5148,2393,2530,0,225,0.49,4923,48.61,51.39,4.37,2.78
Consumer,Second Class,17997,13699,3525,0,773,1.98,17224,79.53,20.47,4.3,-59.07
Consumer,Standard Class,55952,21448,10729,21388,2387,0.0,53565,40.04,20.03,4.27,-20.01
Corporate,First Class,8282,7904,0,0,378,1.0,7904,100.0,0.0,4.56,-100.0
Corporate,Same Day,2975,1374,1450,0,151,0.48,2824,48.65,51.35,5.08,2.69
Corporate,Second Class,10950,8530,2028,0,392,2.0,10558,80.79,19.21,3.58,-61.58
Corporate,Standard Class,32582,12174,6212,12856,1340,-0.03,31242,38.97,19.88,4.11,-19.08
Home Office,First Class,5125,4901,0,0,224,1.0,4901,100.0,0.0,4.37,-100.0
Home Office,Same Day,1614,687,859,0,68,0.44,1546,44.44,55.56,4.21,11.13
Home Office,Second Class,6269,4758,1266,0,245,2.0,6024,78.98,21.02,3.91,-57.97
Home Office,Standard Class,19218,7401,3597,7348,872,0.01,18346,40.34,19.61,4.54,-20.73
