Department Name,Total_Shipments,Delayed,On_Time,Early,Canceled,Avg_Delay_Gap,Non_Canceled,Delay_Rate_%,On_Time_Rate_%,Avg_Delay_When_Delayed
Pet Shop,492,290,91,91,20,0.71,472,61.44,19.28,1.6
Book Shop,405,229,75,87,14,0.53,391,58.57,19.18,1.53
Health and Beauty,362,202,61,83,16,0.53,346,58.38,17.63,1.51
Fitness,2479,1377,425,572,105,0.58,2374,58.0,17.9,1.63
Outdoors,9686,5375,1603,2289,419,0.57,9267,58.0,17.3,1.63
Technology,1465,806,246,344,69,0.59,1396,57.74,17.62,1.63
Golf,33220,18198,5864,7706,1452,0.57,31768,57.28,18.46,1.62
Apparel,48998,26825,8879,11180,2114,0.57,46884,57.22,18.94,1.63
Footwear,14525,7949,2574,3368,634,0.56,13891,57.22,18.53,1.61
Fan Shop,66861,36623,12007,15403,2828,0.56,64033,57.19,18.75,1.61
Discs Shop,2026,1103,371,469,83,0.55,1943,56.77,19.09,1.62
