Market,Shipping Mode,Total_Shipments,Delayed_Shipments,On_Time_Shipments,Early_Shipments,Canceled_Shipments,Average_Delay_Gap,Non_Canceled,Delay_Rate_%,On_Time_Rate_%,Efficiency_Index
Africa,First Class,1727,1675,0,0,52,1.0,1675,100.0,0.0,-100.0
Africa,Second Class,2164,1675,416,0,73,1.9824399260628467,2091,80.10521281683405,19.89478718316595,-60.21042563366811
Africa,Same Day,668,294,340,0,34,0.4745508982035928,634,46.37223974763407,53.62776025236593,7.255520504731862
Africa,Standard Class,7055,2696,1413,2645,301,0.024096385542168676,6754,39.917086171157834,20.92093574178265,-18.996150429375184
Europe,First Class,7892,7562,0,0,330,1.0,7562,100.0,0.0,-100.0
Europe,Second Class,9861,7596,1874,0,391,2.003447926173816,9470,80.21119324181626,19.78880675818374,-60.42238648363252
Europe,Same Day,2759,1281,1343,0,135,0.48604566872055094,2624,48.818597560975604,51.181402439024396,2.3628048780487916
Europe,Standard Class,29740,11304,5526,11604,1306,-0.010188298587760592,28434,39.75522262080608,19.434479848069213,-20.320742772736867
LATAM,First Class,7886,7471,0,0,415,1.0,7471,100.0,0.0,-100.0
LATAM,Second Class,9939,7510,1988,0,441,1.9818895261092666,9498,79.06927774268267,20.93072225731733,-58.138555485365345
LATAM,Same Day,2650,1273,1255,0,122,0.510943396226415,2528,50.35601265822785,49.64398734177215,-0.7120253164556942
LATAM,Standard Class,31119,11790,5983,12039,1307,-0.005045149265721906,29812,39.54783308734738,20.069099691399437,-19.47873339594794
Pacific Asia,First Class,6301,5991,0,0,310,1.0,5991,100.0,0.0,-100.0
Pacific Asia,Second Class,8147,6293,1536,0,318,1.9984043206088131,7829,80.38063609656406,19.619363903435943,-60.76127219312812
Pacific Asia,Same Day,2226,969,1166,0,91,0.44833782569631625,2135,45.3864168618267,54.613583138173304,9.227166276346601
Pacific Asia,Standard Class,24586,9459,4698,9473,956,-0.003579272756853494,23630,40.02962336013542,19.881506559458316,-20.1481168006771
USCA,First Class,4008,3814,0,0,194,1.0,3814,100.0,0.0,-100.0
USCA,Second Class,5105,3913,1005,0,187,1.9753183153770812,4918,79.56486376575845,20.43513623424156,-59.129727531516885
USCA,Same Day,1434,637,735,0,62,0.4511854951185495,1372,46.42857142857143,53.57142857142857,7.142857142857139
USCA,Standard Class,15252,5774,2918,5831,729,-0.004130605822187254,14523,39.757625834882596,20.092267437857192,-19.665358397025404
