Order Region,Total_Shipments,Risk_1,Risk_Rate_%,Avg_Delay_Gap,Risk_Contribution_%
Central America,28341,15518,54.75,0.56,15.68
Western Europe,27109,15140,55.85,0.6,15.3
South America,14935,8111,54.31,0.56,8.19
Oceania,10148,5482,54.02,0.56,5.54
Southeast Asia,9539,5297,55.53,0.56,5.35
Northern Europe,9792,5292,54.04,0.55,5.35
Southern Europe,9431,5129,54.38,0.52,5.18
Caribbean,8318,4415,53.08,0.55,4.46
South Asia,7731,4350,56.27,0.6,4.39
West of USA,7993,4313,53.96,0.56,4.36
Eastern Asia,7280,3955,54.33,0.57,4.0
East of USA,6915,3849,55.66,0.58,3.89
West Asia,6009,3322,55.28,0.57,3.36
US Center,5887,3252,55.24,0.59,3.29
South of USA,4045,2256,55.77,0.58,2.28
Eastern Europe,3920,2182,55.66,0.58,2.2
West Africa,3696,1953,52.84,0.55,1.97
North Africa,3232,1762,54.52,0.55,1.78
East Africa,1852,1036,55.94,0.57,1.05
Central Africa,1677,972,57.96,0.64,0.98
Southern Africa,1157,617,53.33,0.48,0.62
Canada,959,468,48.8,0.39,0.47
Central Asia,553,306,55.33,0.65,0.31
