Order Region,Shipping Mode,Total_Shipments,Delayed_Shipments,On_Time_Shipments,Early_Shipments,Canceled_Shipments,Average_Delay_Gap,Non_Canceled,Delay_Rate_%,On_Time_Rate_%,Efficiency_Index
Central Asia,Same Day,64,13,51,0,0,0.203125,64,20.3125,79.6875,59.375
Canada,Same Day,33,7,22,0,4,0.3333333333333333,29,24.137931034482758,75.86206896551724,51.72413793103448
Central Africa,Same Day,79,24,55,0,0,0.3037974683544304,79,30.37974683544304,69.62025316455697,39.24050632911393
Eastern Europe,Same Day,178,64,112,0,2,0.3595505617977528,176,36.36363636363637,63.63636363636363,27.272727272727266
West Africa,Same Day,223,79,133,0,11,0.3901345291479821,212,37.264150943396224,62.735849056603776,25.47169811320755
US Center,Same Day,323,125,193,0,5,0.38699690402476783,318,39.308176100628934,60.691823899371066,21.383647798742132
Northern Europe,Same Day,517,206,296,0,15,0.42359767891682787,502,41.03585657370518,58.964143426294825,17.928286852589643
Oceania,Same Day,647,263,348,0,36,0.42194744976816073,611,43.04418985270049,56.955810147299516,13.911620294599025
East Africa,Same Day,98,41,54,0,3,0.41836734693877553,95,43.15789473684211,56.84210526315789,13.68421052631578
Southeast Asia,Same Day,451,184,240,0,27,0.4212860310421286,424,43.39622641509434,56.60377358490566,13.20754716981132
