Order Region,Total_Shipments,Delayed_Shipments,On_Time_Shipments,Early_Shipments,Canceled_Shipments,Average_Delay_Gap,Delay_Rate_%,On_Time_Rate_%,Regional_Delay_Index
Central Africa,1677,972,290,354,61,0.6398330351818724,60.148514851485146,17.945544554455445,60.148514851485146
Western Europe,27109,15140,4589,6138,1242,0.5974030764690693,58.53017358023737,17.74075076352109,58.53017358023737
South of USA,4045,2256,672,927,190,0.5799752781211372,58.52140077821012,17.43190661478599,58.52140077821012
South Asia,7731,4350,1340,1765,276,0.5974647522959514,58.35010060362173,17.974513749161638,58.35010060362173
East Africa,1852,1036,346,399,71,0.5707343412526998,58.169567658618746,19.427288040426728,58.169567658618746
East of USA,6915,3849,1208,1560,298,0.5848156182212582,58.168354239081154,18.256007254042615,58.168354239081154
Southeast Asia,9539,5297,1631,2208,403,0.5582346157878184,57.979422066549915,17.852451838879162,57.979422066549915
West Asia,6009,3322,1114,1310,263,0.5694791146613413,57.814131569787676,19.387399930386355,57.814131569787676
Eastern Europe,3920,2182,724,879,135,0.5798469387755102,57.64861294583884,19.128137384412152,57.64861294583884
US Center,5887,3252,1174,1227,234,0.5872260913878037,57.52697682646383,20.76773394657704,57.52697682646383
South America,14935,8111,2597,3476,751,0.5563441580180783,57.184151156232375,18.30936266215454,57.184151156232375
Central America,28341,15518,5090,6566,1167,0.5619420627359656,57.10605726061677,18.731140060351805,57.10605726061677
North Africa,3232,1762,564,760,146,0.5522896039603961,57.09656513285807,18.276085547634477,57.09656513285807
Southern Europe,9431,5129,1655,2246,401,0.5156399109320327,56.79955703211517,18.32779623477298,56.79955703211517
West of USA,7993,4313,1447,1835,398,0.5572375828850245,56.78736010533245,19.052007899934168,56.78736010533245
Eastern Asia,7280,3955,1264,1754,307,0.5664835164835165,56.718772407858886,18.127061523017353,56.718772407858886
Central Asia,553,306,124,112,11,0.6455696202531646,56.457564575645755,22.878228782287824,56.457564575645755
Oceania,10148,5482,1927,2324,415,0.556267244777296,56.32384670707901,19.798623240521938,56.32384670707901
Northern Europe,9792,5292,1775,2341,384,0.546875,56.25,18.866921768707485,56.25
Southern Africa,1157,617,200,283,57,0.4788245462402766,56.09090909090909,18.181818181818183,56.09090909090909
Caribbean,8318,4415,1539,1997,367,0.5465256071170954,55.527606590366,19.35605584203245,55.527606590366
West Africa,3696,1953,769,849,125,0.5505952380952381,54.6905628675441,21.534584150098013,54.6905628675441
Canada,959,468,157,282,52,0.3910323253388947,51.598676957001096,17.30981256890849,51.598676957001096
